timestamp,sample_id,prediction,probability
2026-05-03T09:08:14.555204,0,1,0.76
2026-05-03T09:08:14.576737,1,0,0.73
2026-05-03T09:08:14.615605,2,1,0.52
2026-05-03T09:08:14.636182,3,1,0.59
2026-05-03T09:08:14.659369,4,0,0.81
2026-05-03T09:08:14.717706,5,1,0.58
2026-05-03T09:08:14.739719,6,0,0.63
2026-05-03T09:08:14.784064,7,1,0.89
2026-05-03T09:08:14.839702,8,0,0.76
2026-05-03T09:08:14.887337,9,1,0.51
2026-05-03T09:08:14.924413,10,0,0.59
2026-05-03T09:08:14.944773,11,1,0.78
2026-05-03T09:08:14.986087,12,1,0.76
2026-05-03T09:08:15.023361,13,1,0.75
2026-05-03T09:08:15.045148,14,0,0.92
2026-05-03T09:08:15.084154,15,1,0.56
2026-05-03T09:08:15.121335,16,0,0.58
2026-05-03T09:08:15.142701,17,0,0.84
2026-05-03T09:08:15.183413,18,1,0.58
2026-05-03T09:08:15.220787,19,0,0.83
2026-05-03T09:08:15.242785,20,1,0.6
2026-05-03T09:08:15.281932,21,0,0.57
2026-05-03T09:08:15.318604,22,0,0.58
2026-05-03T09:08:15.341382,23,0,0.71
2026-05-03T09:08:15.380817,24,1,0.59
2026-05-03T09:08:15.416427,25,1,0.86
2026-05-03T09:08:15.437835,26,0,0.61
2026-05-03T09:08:15.492280,27,1,0.69
2026-05-03T09:08:15.525811,28,0,0.66
2026-05-03T09:08:15.545585,29,0,0.64
2026-05-03T09:08:15.585284,30,0,0.63
2026-05-03T09:08:15.622464,31,0,0.8
2026-05-03T09:08:15.643051,32,0,0.95
2026-05-03T09:08:15.684206,33,0,0.82
2026-05-03T09:08:15.721683,34,1,0.51
2026-05-03T09:08:15.744301,35,1,0.81
2026-05-03T09:08:15.791284,36,1,0.53
2026-05-03T09:08:15.828087,37,0,0.87
2026-05-03T09:08:15.873729,38,0,0.79
2026-05-03T09:08:15.893589,39,0,0.62
2026-05-03T09:08:15.925118,40,1,0.81
2026-05-03T09:08:15.945331,41,1,0.59
2026-05-03T09:08:15.988477,42,0,0.66
2026-05-03T09:08:16.027092,43,1,0.75
2026-05-03T09:08:16.047694,44,0,0.78
2026-05-03T09:08:16.086336,45,0,0.84
2026-05-03T09:08:16.126351,46,1,0.59
2026-05-03T09:08:16.147048,47,1,0.86
2026-05-03T09:08:16.186454,48,0,0.58
2026-05-03T09:08:16.222206,49,0,0.57
2026-05-03T09:08:16.243715,50,0,0.79
2026-05-03T09:08:16.284210,51,0,0.85
2026-05-03T09:08:16.320806,52,0,0.65
2026-05-03T09:08:16.342734,53,0,0.58
2026-05-03T09:08:16.384326,54,1,0.96
2026-05-03T09:08:16.421890,55,0,0.67
2026-05-03T09:08:16.442031,56,1,0.58
2026-05-03T09:08:16.482396,57,1,0.6
2026-05-03T09:08:16.520437,58,1,0.69
2026-05-03T09:08:16.540911,59,1,0.59
2026-05-03T09:08:16.582241,60,1,0.52
2026-05-03T09:08:16.617491,61,0,0.82
2026-05-03T09:08:16.639279,62,1,0.7
2026-05-03T09:08:16.680991,63,1,0.6
2026-05-03T09:08:16.717784,64,1,0.63
2026-05-03T09:08:16.739587,65,1,0.64
2026-05-03T09:08:16.786559,66,1,0.83
2026-05-03T09:08:16.823097,67,1,0.74
2026-05-03T09:08:16.844226,68,0,0.5
2026-05-03T09:08:16.885219,69,0,0.6
2026-05-03T09:08:16.921792,70,1,0.64
2026-05-03T09:08:16.941868,71,0,0.81
2026-05-03T09:08:16.983474,72,0,0.7
2026-05-03T09:08:17.019275,73,0,0.66
2026-05-03T09:08:17.041694,74,1,0.51
2026-05-03T09:08:17.081537,75,1,0.62
2026-05-03T09:08:17.120605,76,0,0.51
2026-05-03T09:08:17.142897,77,1,0.59
2026-05-03T09:08:17.184773,78,0,0.62
2026-05-03T09:08:17.221157,79,0,0.67
2026-05-03T09:08:17.242502,80,1,0.74
2026-05-03T09:08:17.282260,81,0,0.67
2026-05-03T09:08:17.319221,82,1,0.77
2026-05-03T09:08:17.341449,83,1,0.67
2026-05-03T09:08:17.381832,84,1,0.67
2026-05-03T09:08:17.417639,85,0,0.89
2026-05-03T09:08:17.438887,86,0,0.9
2026-05-03T09:08:17.481057,87,0,0.55
2026-05-03T09:08:17.516428,88,0,0.65
2026-05-03T09:08:17.537836,89,1,0.83
2026-05-03T09:08:17.578695,90,0,0.62
2026-05-03T09:08:17.614794,91,1,0.84
2026-05-03T09:08:17.636089,92,0,0.89
2026-05-03T09:08:17.674029,93,0,0.85
2026-05-03T09:08:17.694150,94,0,0.5
2026-05-03T09:08:17.728411,95,1,0.62
2026-05-03T09:08:17.778116,96,0,0.61
2026-05-03T09:08:17.817939,97,0,0.74
2026-05-03T09:08:17.839078,98,0,0.64
2026-05-03T09:08:17.882387,99,1,0.53
